{"train_losses": [1.7473078745792563, 1.207346641055454, 0.9499427247336305, 0.8047068760732488, 0.7007173883082112, 0.5886369882154846, 0.5194941858220082, 0.44833735351434656, 0.38592743882815783, 0.3623947688109729, 0.31508119692428116, 0.27679386896305275, 0.2464743543835945, 0.23940629204175742, 0.22008629146695413, 0.19714229995133675, 0.16752956816448814, 0.16965379976802156, 0.18057244194786276, 0.14086143736619253, 0.1454140171312616, 0.11724738125358239, 0.11353889238795198, 0.10845259069382268, 0.12413622029212124, 0.09146085594326726, 0.08806000184339788, 0.07833252514137008, 0.09387817118844134, 0.07506604663226739, 0.07260668210130157, 0.09911951418081551, 0.0809034411825449, 0.07194526916882155, 0.05514054826707355, 0.03403526793883983, 0.042650010109285805, 0.069999268395165, 0.04507329738952198, 0.029397755654801964, 0.039473709125253276, 0.03263321943575342, 0.04737218291520089, 0.028556726294775913, 0.03381856232870742, 0.02165617040865321, 0.034281106533679065, 0.02425167644475655, 0.025047132834219756, 0.018182737614741474, 0.016673169249333066, 0.024405257591507613, 0.018511633888512683, 0.016111077579925834, 0.014794509374824925, 0.015861152601410324, 0.009981027111165238, 0.019127468563871736, 0.008406252695569737, 0.009053740868420292, 0.012607865626163844, 0.015184774301460214, 0.011585747477384565, 0.018358068257382034, 0.014438150440503348, 0.008367060441893535, 0.015380985767886208, 0.008399171314386401, 0.005505217201445952, 0.004585615545799358, 0.012004323547154272, 0.006820218929059114, 0.009291745996960785, 0.00720611007869259, 0.007534581445662685, 0.007137628833514324, 0.004523687196699083, 0.00406562986806012, 0.0034102758428225448, 0.004035068728696228, 0.004948795305146757, 0.002550705479130007, 0.0032110925204187563, 0.004037816808795493, 0.002434359590054042, 0.002419607779604161, 0.0032184930286819433, 0.0033527070921241897, 0.0034709635946239877, 0.003262261904729998, 0.0030794207534418335, 0.0029892311878041387, 0.002647570590194498, 0.0025781245606745656, 0.002521573570342055, 0.003314796666878574, 0.0023728065948033492, 0.0023429364828644003, 0.0026277843854818892, 0.0024901108324554633], "train_accs": [47.1513276617685, 61.562258313998456, 68.36813611755608, 73.52410415055427, 75.89584944573343, 81.33539572054653, 82.88218613044599, 85.94998711007992, 87.39365815931941, 87.70301624129931, 89.58494457334365, 91.00283578241815, 92.2918277906677, 91.87935034802784, 93.16834235627739, 93.7354988399072, 94.71513276617685, 94.35421500386698, 94.40577468419696, 95.95256509409641, 95.17916988914669, 96.5455014178912, 96.62284093838618, 96.77751997937612, 95.79788605310647, 97.4477958236659, 97.4220159835009, 97.80871358597577, 97.21577726218098, 97.6798143851508, 97.91183294663573, 96.93219902036607, 97.4477958236659, 98.04073214746069, 98.37587006960557, 99.27816447538025, 98.89146687290538, 97.93761278680073, 98.65944831142046, 99.48440319670019, 99.09770559422532, 99.30394431554524, 98.5821087909255, 99.35550399587522, 99.04614591389533, 99.58752255736015, 99.07192575406033, 99.45862335653518, 99.30394431554524, 99.63908223769013, 99.58752255736015, 99.25238463521526, 99.63908223769013, 99.74220159835009, 99.84532095901005, 99.63908223769013, 99.84532095901005, 99.61330239752513, 99.89688063934004, 99.87110079917504, 99.76798143851508, 99.66486207785512, 99.89688063934004, 99.56174271719516, 99.61330239752513, 99.87110079917504, 99.61330239752513, 99.87110079917504, 99.94844031967001, 99.94844031967001, 99.76798143851508, 99.92266047950503, 99.79376127868007, 99.89688063934004, 99.97422015983501, 99.81954111884507, 99.97422015983501, 99.92266047950503, 100.0, 99.94844031967001, 99.92266047950503, 100.0, 99.97422015983501, 99.94844031967001, 100.0, 100.0, 99.97422015983501, 99.97422015983501, 100.0, 99.97422015983501, 99.97422015983501, 99.97422015983501, 99.97422015983501, 100.0, 99.97422015983501, 99.94844031967001, 100.0, 100.0, 99.97422015983501, 99.97422015983501], "val_losses": [1.3023190012136108, 0.9955949014511661, 0.9182966779724658, 0.7293846414696356, 0.6245740867734696, 0.48733939875233495, 0.5532397072430599, 0.38342173382115413, 0.3926937893403243, 0.32789749770249793, 0.2619004605827741, 0.2743150801330373, 0.24790557765828033, 0.30354939570831707, 0.30184536748112606, 0.1810240090649197, 0.2215900043831602, 0.2123928996107655, 0.17889910208458548, 0.21100234782504493, 0.17807894436098773, 0.17495614426561457, 0.2476135018642213, 0.15747622400522232, 0.17984646772020968, 0.17451543141229706, 0.12426098177737824, 0.15282989546510065, 0.14481000084329712, 0.20150051471501526, 0.10901403553999853, 0.1322779557388083, 0.15420098113779201, 0.11551443495889875, 0.10139855339508079, 0.10614418629826843, 0.12045399489278441, 0.15550609983650363, 0.1186797643951902, 0.10745847271466107, 0.14267356997243982, 0.09911580950525005, 0.15272503892236003, 0.11180315746088931, 0.18893804382726107, 0.09128254491647954, 0.09547341154325718, 0.09009618163449877, 0.1040829816945155, 0.11164650665727487, 0.10617294086757507, 0.10248827447140528, 0.09239221338590503, 0.1332643351778347, 0.08830015806471118, 0.0732425729683639, 0.07828073460593295, 0.07898229170580034, 0.08696483302749135, 0.1223043093132313, 0.09635454152700071, 0.0849974776815703, 0.11178217780683286, 0.10326153873693725, 0.09015528447922429, 0.09967508921444303, 0.09285707346265644, 0.10777539370190323, 0.09281634374311498, 0.07065105942783176, 0.11329644755406092, 0.10733888707787481, 0.098871845158596, 0.08306672619100768, 0.08877231883444037, 0.08524129766262017, 0.08093220067800284, 0.0905093225289192, 0.08541734869831472, 0.08273865563730978, 0.08578253881600888, 0.08139016062912327, 0.07480590162488081, 0.08573340313780502, 0.08612658790200992, 0.08657892529653721, 0.09588005403527644, 0.0871637560320746, 0.08897269145775043, 0.09297244237620417, 0.09431445434807384, 0.09796608706146158, 0.08949149298533102, 0.08213745591918337, 0.08428438721679843, 0.08823033612587597, 0.08362029135067765, 0.08223257997160846, 0.07819154275406859, 0.08047512378572538], "val_accs": [60.45548654244306, 65.21739130434783, 67.90890269151139, 74.74120082815735, 79.91718426501035, 85.5072463768116, 78.67494824016563, 86.95652173913044, 86.74948240165631, 88.81987577639751, 90.26915113871635, 90.47619047619048, 89.85507246376811, 89.648033126294, 89.02691511387164, 93.99585921325051, 92.7536231884058, 92.13250517598344, 93.58178053830228, 91.7184265010352, 94.824016563147, 94.20289855072464, 90.6832298136646, 95.23809523809524, 93.16770186335404, 93.58178053830228, 96.8944099378882, 93.7888198757764, 94.61697722567288, 93.7888198757764, 96.27329192546584, 95.44513457556936, 94.61697722567288, 97.30848861283644, 96.48033126293996, 96.68737060041408, 95.65217391304348, 94.824016563147, 96.68737060041408, 96.27329192546584, 95.03105590062111, 97.30848861283644, 95.44513457556936, 96.48033126293996, 94.40993788819875, 97.30848861283644, 97.10144927536231, 97.30848861283644, 97.10144927536231, 96.06625258799171, 97.30848861283644, 96.48033126293996, 97.9296066252588, 96.8944099378882, 97.51552795031056, 97.72256728778468, 98.13664596273291, 97.72256728778468, 97.30848861283644, 96.48033126293996, 97.10144927536231, 98.34368530020704, 96.48033126293996, 97.10144927536231, 97.30848861283644, 97.10144927536231, 97.30848861283644, 96.06625258799171, 97.10144927536231, 98.55072463768116, 96.8944099378882, 97.10144927536231, 97.30848861283644, 97.51552795031056, 97.51552795031056, 97.9296066252588, 97.9296066252588, 97.51552795031056, 97.72256728778468, 97.72256728778468, 97.9296066252588, 97.9296066252588, 97.9296066252588, 97.72256728778468, 97.51552795031056, 97.9296066252588, 98.13664596273291, 97.51552795031056, 97.9296066252588, 97.51552795031056, 97.10144927536231, 97.30848861283644, 97.9296066252588, 97.72256728778468, 97.72256728778468, 97.72256728778468, 97.72256728778468, 97.51552795031056, 97.9296066252588, 97.72256728778468]}